# Korean (as written in the code) <TAB> Japanese (ja). \n \t \\ are escapes; {name} placeholders stay as they are.
생존	サバイバル
전투	戦闘
이동	移動
아이템	アイテム
체력 유지 (상한을 최대로)	体力を維持（上限を最大に）
스태미나 무한	スタミナ無限
고스트 (탐험용 — 켜는 동안 공격도 막힘)	ゴースト（探索用 — オンの間は攻撃もできない）
림빅 에너지 무한	リムビックエネルギー無限
림빅 소모 없음	リムビック消費なし
스킬 쿨다운 없음	スキルのクールダウンなし
걷기 속도 (기본 450)	歩行速度（基本 450）
주인공 시간 배속 (기본 1)	主人公の時間倍率（基本 1）
게임 속도 (기본 1)	ゲーム速度（基本 1）
적 속도 (기본 1)	敵の速度（基本 1）
약한 적 (한 방에 처치)	弱い敵（一撃で倒せる）
소모품 줄지 않음	消費アイテムが減らない
무기 경험치 배수 (기본 1)	武器経験値の倍率（基本 1）
가진 샤드 수량 (999=최대면 줍기·알림 막힘)	所持する欠片の数（999 = 最大。拾得・通知が止まる）
퀘스트 목표	クエスト目標
비밀	秘密
단서	手がかり
전달: {a0}	渡す: {a0}
대화: {a0}	会話: {a0}
아이템: {a0}	アイテム: {a0}
새 사실 {a0}개	新しい事実 {a0}件
 · 조건 필요 (열쇠·퍼즐 등 — 가기만 해선 안 됨)	 · 条件が必要（鍵・パズルなど — 行くだけでは不可）
1막 끝까지	第1幕の終わりまで
세 번째 키스톤 전	3つ目のキーストーンの前
마감 임박 선행: {a0} ({a1})	締切間近の善行: {a0}（{a1}）
마감 임박 선행 {n}개 — 퀘스트 탭에서 확인	締切間近の善行 {n}件 — クエストタブで確認
메인 {n}	メイン {n}
선행	善行
미스터리	ミステリー
타임루프	タイムループ
메인 퀘스트 {a0}	メインクエスト {a0}
장소: {a0}	場所: {a0}
대화: {p}	会話: {p}
 · 조사 DB (아직 로드 안 됨)	 · 調査DB（まだ読み込まれていません）
 · 조건 필요	 · 条件が必要
유물	遺物
기록물	記録
연구 자료	研究
모자	帽子
드론 모듈	ドローンモジュール
림빅 스킬	リムビックスキル
무기	武器
방어구	防具
림빅 막대	リムビック杖
제작서	クラフト書
잠긴 문	施錠された扉
잠긴 상자	施錠された箱
림빅 잠금	リムビックの封印
퍼즐	パズル
코드·암호	コード
열쇠 필요	鍵が必要
나중에 주울 것	後で拾う
상인	商人
만날 사람	会う人
퀘스트 단서	クエストの手がかり
위험	危険
강적	強敵
저장 지점	セーブ地点
지름길	近道
오를 곳	登る場所
막다른 길	行き止まり
물·건널 곳	水・渡る場所
둘러볼 곳	見て回る場所
보물	宝
메모	メモ
거점	拠点
모르는 것	不明
표시	マーク
핀: {a0}	ピン: {a0}
미니맵	ミニマップ
큰 지도	大きな地図
끔	オフ
음영	陰影
등고선	等高線
둘 다	両方
위층 (흐리게)	上の階（薄く）
아래층·지하 (흐리게)	下の階・地下（薄く）
깊은 곳	深い場所
낮은 곳	低い場所
같은 높이	同じ高さ
높은 곳	高い場所
절벽·바위	崖・岩
벽	壁
적	敵
전리품	戦利品
문·퍼즐	扉・パズル
저장	セーブ
기타	その他
약품	薬
음식	食べ物
기타 소모품	その他の消費アイテム
퀘스트·비밀	クエスト・秘密
보급품	補給品
적 전리품 상자	敵の戦利品箱
문	扉
드론 번역	ドローン翻訳
명령을 입력하세요 — `help` 로 목록, ↑/↓ 이전 명령, Esc 로 실행 중지	コマンドを入力 — `help` で一覧、↑/↓ で履歴、Esc で実行中止
hiumod 만으로는 패널이 하나 더 열립니다 — 명령을 붙여 주세요 (help)	hiumod だけではパネルがもう1つ開きます — コマンドを付けてください (help)
앞의 명령이 아직 실행 중입니다 (Esc 로 중지)	前のコマンドがまだ実行中です（Esc で中止）
실행 파일을 찾지 못함: {e}	実行ファイルが見つかりません: {e}
실행하지 못함: {e}	実行できません: {e}
(끝남: 코드 {c})	（終了: コード {c}）
(끝남)	（終了）
(중지함)	（中止）
명령 (help)	コマンド (help)
지도 핀	地図ピン
패널에서 고른 곳	パネルで選んだ場所
필요한 것: 이 지역 {h}곳	必要なもの: このエリア {h}件
필요한 것: 다른 지역 {a}곳 — 장갑차로 이동	必要なもの: 他のエリア {a}件 — 装甲車で移動
필요한 것: 이 지역 {h}곳 · 다른 지역 {a}곳	必要なもの: このエリア {h}件 · 他のエリア {a}件
위치 {a0} 저장 ({a1:.0}, {a2:.0}, {a3:.0})	位置 {a0} を保存 ({a1:.0}, {a2:.0}, {a3:.0})
위치 {a0} 로 이동	位置 {a0} へ移動
수집 진행도	収集の進行度
조사 DB 가 없습니다 — 콘솔에서 `doctor survey` 를 한 번 실행하세요	調査DBがありません — コンソールで `doctor survey` を一度実行してください
월드에 놓인 것만 셉니다 (NPC 보상·상점은 제외) · 이 지역 / 전체	ワールドに置かれたものだけを数えます（NPCの報酬・店は除く） · このエリア / 全体
{a0}  {a1}/{a2} · 전체 {a3}/{a4}	{a0}  {a1}/{a2} · 全体 {a3}/{a4}
선행 · 미스터리 · 타임루프	善行 · ミステリー · タイムループ
완료 {a0} / {a1} · 진행 중 {a2} · 실패 {a3}	完了 {a0} / {a1} · 進行中 {a2} · 失敗 {a3}
들을 이야기가 남은 NPC ({a0})	話が残っているNPC ({a0})
대화에서 아직 모르는 사실·단서를 줄 수 있는 사람 (갈래가 잠긴 대화도 포함)	会話でまだ知らない事実や手がかりを教えてくれる人（分岐がロックされた会話も含む）
다른 지역: {a0}	他のエリア: {a0}
메모리: 사용 {a0} · 전용 {a1} · 최고 {a2} (1분마다 로그에도 남음)	メモリ: 使用 {a0} · 専有 {a1} · 最大 {a2}（1分ごとにログにも記録）
켜진 치트	オンのチート
원래 값 → 넣는 값, 그리고 지금 게임에 들어 있는 값	元の値 → 書き込む値、そして今ゲームが持っている値
켜진 치트가 없습니다	オンのチートはありません
적·인벤토리 대상	敵・インベントリが対象
매 틱 적용	毎ティック適用
적용 중 {n:.2}	適用中 {n:.2}
게임이 바꿈 {n:.2}	ゲームが変更 {n:.2}
넣은 값과 다릅니다. 게임이 매 순간 다시 계산하는 값일 수 있습니다.	書き込んだ値と異なります。ゲームが常に再計算する値かもしれません。
읽을 수 없음	読み取れません
테스트 결과 기록	テスト結果の記録
게임에서 해 보고 눌러 주세요. verify.txt에 저장됩니다.	ゲームで試してから押してください。verify.txt に保存されます。
됨 ✓	動作 ✓
안 됨 ✗	不動作 ✗
확인됨	確認済み
미검증	未検証
로그·기록 폴더 열기	ログ・記録フォルダを開く
게임의 현재 값: {now:.2}	ゲームの現在値: {now:.2}
적용	適用
아직 게임에서 확인하지 않은 치트입니다. 동작하는지 알려주세요.	まだゲームで確認していないチートです。動作するか教えてください。
위치 저장 · 이동	位置の保存 · 移動
슬롯 {a0}	スロット {a0}
다른 지역 ({w})	他のエリア ({w})
비어 있음	空き
저장한 지역 안에서만 이동합니다	保存したエリア内でのみ移動します
켜진 치트 ({a0})	オンのチート ({a0})
{v:.2} (게임 {n:.2})	{v:.2}（ゲーム {n:.2}）
켜짐	オン
나침반 · 방향	コンパス · 方向
나침반 (F{a0})	コンパス (F{a0})
화면 위 가운데	画面上部中央
안내	ガイド
자동 안내 — 따라가는 퀘스트의 다음 목표로 계속 안내	自動ガイド — 追跡中のクエストの次の目標へ案内し続ける
실제 이동 경로 (A*) — 지형·물·벽을 돌아가는 길, 나침반이 다음 꺾이는 곳을 가리킴	実際の移動経路 (A*) — 地形・水・壁を迂回する道。コンパスは次の曲がり角を指す
다음 목표 ▶	次の目標 ▶
이 목표는 끝났거나 지금 갈 수 없음 — 넘기고 다음 목표로 (이번 실행 동안)	この目標は終了済み、または今は行けない — 飛ばして次の目標へ（今回の起動中のみ）
직접 고른 목표 — 끝날 때까지 유지	手動で選んだ目標 — 終わるまで維持
자동으로	自動に戻す
⚠ 걸어서 닿는 길이 없습니다 — 닫힌 문·퍼즐·열쇠 너머일 수 있음. 닿는 곳까지 안내하고 나머지는 노란 점선	⚠ 歩いて行ける道がありません — 閉じた扉・パズル・鍵の先かもしれません。行ける所まで案内し、残りは黄色の点線
자동 안내가 꺼져 있습니다 — 위 스위치를 켜거나 '갈 곳' 에서 고르세요	自動ガイドがオフです — 上のスイッチをオンにするか、「行き先」から選んでください
이 근처에서 새로 얻을 것이 있는 곳을 찾지 못했습니다	この近くに新しく得られるものが見つかりません
이 지역엔 따라가는 퀘스트의 목표가 없습니다 — 다른 지역에 {elsewhere}곳 (장갑차로 이동)	このエリアには追跡中のクエストの目標がありません — 他のエリアに {elsewhere}件（装甲車で移動）
남은 목표를 모두 건너뛰었습니다	残りの目標をすべて飛ばしました
따라가는 퀘스트의 목표가 이 근처에 없습니다 — '갈 곳' 에서 직접 고를 수 있습니다	追跡中のクエストの目標がこの近くにありません — 「行き先」から選べます
건너뛴 목표 {a0}개	飛ばした目標 {a0}件
되돌리기	元に戻す
갈 곳 ({a0})	行き先 ({a0})
표시 방식	表示方法
위쪽	上方向
북쪽(N)	北 (N)
카메라 방향	カメラの向き
반경	半径
스타일	スタイル
윤곽선	輪郭
채움	塗りつぶし
아이콘 크기	アイコンの大きさ
인벤토리·메뉴가 열리면 모든 오버레이 숨기기	インベントリ・メニューを開いたらオーバーレイをすべて隠す
지형	地形
지형 표시	地形表示
벽·바닥 윤곽	壁・床の輪郭
불투명도	不透明度
표시할 것	表示する項目
세부 ▲	詳細 ▲
세부 ▼	詳細 ▼
세부 ▼ ({h}개 숨김)	詳細 ▼（{h}件非表示）
지도 핀 · 지나온 길	地図ピン · 通った道
새 핀 (F{a0})	新規ピン (F{a0})
이 지역에 핀이 없습니다 — 잠긴 문·퍼즐 앞에서 F{a0} 를 누르면 꽂힙니다	このエリアにピンがありません — 施錠された扉やパズルの前で F{a0} を押すと立てられます
이 핀 지우기	このピンを削除
이 지역	このエリア
지나온 길 {trail}점 · 핀 {count}개	通った道 {trail}点 · ピン {count}件
경로 지우기	経路を消去
핀 모두 지우기	ピンをすべて削除
주인공을 조작할 수 있을 때 표시됩니다	主人公を操作できるときに表示されます
단축키	キー
지도 표시 방식 전환	地図の表示方法を切り替え
마커 찍기/지우기	マーカーを置く/消す
나침반 표시/숨김	コンパスの表示/非表示
다음 목표로 안내	次の目標へ案内
지도	地図
퀘스트	クエスト
수집	収集
세이브	セーブ
디버그	デバッグ
지난번에 켜 둔 치트 {a0}개를 다시 켰습니다	前回オンにしていたチート {a0}件を再びオンにしました
닫기 — 원래 값으로 되돌리고 종료	閉じる — 元の値に戻して終了
숨기기 (` 키로 다시 열기)	隠す（` キーで再表示）
콘솔 ▾	コンソール ▾
콘솔 ▸	コンソール ▸
CLI 명령 콘솔	CLIコンソール
게임	ゲーム
● 연결됨\nv{version} · PID {pid}	● 接続中\nv{version} · PID {pid}
실행하는 중 — 켜지면 자동으로 연결	起動中 — 起動し次第、自動で接続
○ 연결 안 됨 — {e}	○ 未接続 — {e}
시작하는 중…	開始中…
주인공 게이트	主人公ゲート
● 열림 — 조작 중	● 開 — 操作中
○ 닫힘 — {e}	○ 閉 — {e}
○ 닫힘	○ 閉
치트	チート
도구	ツール
모두 원래대로 ({pending})	すべて元に戻す ({pending})
다음에도 켜 둔 치트 유지	次回もオンのチートを維持
다음 실행 때, 주인공을 조작할 수 있게 되면 지금 켜 둔 치트를 다시 켭니다.	次回の起動時、主人公を操作できるようになったら、今オンのチートを再びオンにします。
주인공을 조작하는 동안만 값을 씁니다 · 업적은 차단되지 않습니다	主人公を操作している間だけ値を書き込みます · 実績はブロックされません
퀘스트 추적기 — 화면 오른쪽 가운데	クエストトラッカー — 画面右中央
퀘스트를 읽는 중입니다 — 게임을 불러오고 몇 초 뒤에 나옵니다	クエストを読み込み中です — ゲームの読み込み後、数秒で表示されます
메인 스토리 자동 — {a0}	メインストーリー自動 — {a0}
메인 스토리 자동	メインストーリー自動
 · 단서 {got}/{all}	 · 手がかり {got}/{all}
완료 {done}개 · 실패 {failed}개	完了 {done}件 · 失敗 {failed}件
필요한 것: 조사 DB 없음 — `hiumod doctor survey` 를 한 번 실행하면 모든 지역의 아이템·NPC 위치가 채워집니다	必要なもの: 調査DBなし — `hiumod doctor survey` を一度実行すると、全エリアのアイテム・NPCの位置が埋まります
필요한 것 — 남은 {left} / {a0}	必要なもの — 残り {left} / {a0}
다른 지역 (장갑차로 이동): {a0}	他のエリア（装甲車で移動）: {a0}
놓치기 쉬운 선행	見逃しやすい善行
마감이 있는 선행은 모두 끝났거나 지났습니다	期限のある善行はすべて完了、または期限切れです
임박	間近
나중	後で
 (시작 전)	 （未開始）
이미 지난 마감 {passed}개 — 그 선행은 실패했을 가능성이 큽니다	すでに過ぎた期限 {passed}件 — その善行は失敗している可能性が高いです
키스톤 순서	キーストーンの順序
다음 키스톤 전에: {a0}	次のキーストーンの前に: {a0}
건네줄 수 있는 것	渡せるもの
지금 가진 아이템을 원하는 사람이 없습니다	今持っているアイテムを欲しがっている人はいません
건네줄 수 있는 것 ({a0})	渡せるもの ({a0})
가진 아이템을 원하는 사람 — 대화의 "거래" 로 건넵니다	持っているアイテムを欲しがっている人 — 会話の「交換する」で渡します
{a0} — 장갑차로 이동	{a0} — 装甲車で移動
세이브 백업	セーブのバックアップ
게임이 저장할 때마다 세이브 파일을 복사해 둡니다 (최근 {a0}개)	ゲームが保存するたびにセーブファイルをコピーします（直近 {a0}件）
아직 백업이 없습니다	まだバックアップがありません
지금 백업	今すぐバックアップ
백업함: {a0}	バックアップ完了: {a0}
백업 실패: {e}	バックアップ失敗: {e}
폴더 열기	フォルダを開く
되돌리려면 게임을 끈 뒤 백업 폴더의 .sav 파일을 세이브 폴더(%LOCALAPPDATA%\\HellIsUs\\Saved\\SaveGames)에 덮어쓰세요	元に戻すには、ゲームを終了してからバックアップフォルダの .sav ファイルをセーブフォルダ (%LOCALAPPDATA%\\HellIsUs\\Saved\\SaveGames) に上書きしてください
세이브 파일	セーブファイル
게임의 세이브 폴더를 찾지 못했습니다	ゲームのセーブフォルダが見つかりません
방금	たった今
{a0}분 전	{a0}分前
{a0}시간 전	{a0}時間前
{a0}일 전	{a0}日前
 · 안내 중	 · 案内中
이 지역엔 이 퀘스트의 목표가 없음 — 가까운 다른 퀘스트 목표로 안내	このエリアにはこのクエストの目標がありません — 近くの別のクエスト目標へ案内
이 지역엔 이 항목의 목표가 없음 — 다른 지역에서 진행	このエリアにはこの項目の目標がありません — 他のエリアで進行
닫힌 문·퍼즐 너머 — 닿는 곳까지 안내, 근처의 쪽지·열쇠·장치를 먼저	閉じた扉・パズルの先 — 行ける所まで案内。まず近くのメモ・鍵・装置を探して
살펴볼 곳	調べる場所
1막 끝 전	第1幕の終わりまで
1막 끝 전, {g:QuickChats_Names_ST/Quickchat_Secret_Diana_Female_Name} — 트럭으로 떠나기 전에 약을 — 아니면 죽음	第1幕の終わりまで: {g:QuickChats_Names_ST/Quickchat_Secret_Diana_Female_Name} — トラックで去る前に薬を、さもないと死亡
1막 끝({g:Facts_Shared/Universal_Location_LymbicForge}) 전에 {g:QuickChats_Names_ST/QuickChat_Secret_JudithKarry_Female_Name}의 아기에게 젖병을 — 아니면 아기가 죽음	第1幕の終わり({g:Facts_Shared/Universal_Location_LymbicForge})まで: {g:QuickChats_Names_ST/QuickChat_Secret_JudithKarry_Female_Name}の赤ん坊に哺乳瓶を、さもないと赤ん坊が死亡
{g:Facts_KeystoneTerror/KeystoneTerror_Real_Name} 진행 중 {g:Facts_VillageOfJova/Name_Real} 상황이 바뀌기 전 — 아니면 {g:QuickChats_Names_ST/Quickchat_Secret_Halie_Female_Name} 사망	{g:Facts_KeystoneTerror/KeystoneTerror_Real_Name}の間、{g:Facts_VillageOfJova/Name_Real}が変わる前 — さもないと{g:QuickChats_Names_ST/Quickchat_Secret_Halie_Female_Name}が死亡
{g:Facts_KeystoneTerror/KeystoneTerror_Real_Name} 전 — 아니면 {g:QuickChats_Names_ST/Quickchat_Secret_Violonist01_Male_Name} 사망	{g:Facts_KeystoneTerror/KeystoneTerror_Real_Name}の前 — さもないと{g:QuickChats_Names_ST/Quickchat_Secret_Violonist01_Male_Name}が死亡
{g:Facts_KeystoneTerror/KeystoneTerror_Real_Name} 진행 중 — {g:Facts_VillageOfJova/Name_Real} 변화 전	{g:Facts_KeystoneTerror/KeystoneTerror_Real_Name}進行中 — {g:Facts_VillageOfJova/Name_Real}が変わる前
{g:Facts_Shared/Universal_Location_LethePropaganda} — 처음 떠나기 전	{g:Facts_Shared/Universal_Location_LethePropaganda} — 初めて離れる前
{g:Facts_Shared/Universal_Location_Talju} 대피 트럭 출발 전	{g:Facts_Shared/Universal_Location_Talju}の避難トラックが出発する前
{g:Facts_Shared/Universal_Location_Talju} 대피 트럭이 떠나기 전	{g:Facts_Shared/Universal_Location_Talju}の避難トラックが出発する前
권장 순서 ({g:Facts_KeystoneTerror/KeystoneTerror_Real_Name} 먼저: 일부 아이템이 {g:Facts_Shared/Universal_Location_Talju}에만 있음) — 키스톤마다 시간이 흘러 선행이 끝날 수 있습니다	推奨順序({g:Facts_KeystoneTerror/KeystoneTerror_Real_Name}を先に: 一部のアイテムは{g:Facts_Shared/Universal_Location_Talju}にしかない) — キーストーンごとに時間が経ち、善行が終わることがあります
세 번째 키스톤을 놓기 전	3つ目のキーストーンを置く前
{g:Facts_KeystoneEcstasy/KeystoneEcstasy_Name} — {g:Facts_Shared/Universal_Location_LetheLibrary} · {g:Facts_Shared/Universal_Location_VyssaHills} · {g:Facts_Shared/Universal_Location_PlainsOfMist}	{g:Facts_KeystoneEcstasy/KeystoneEcstasy_Name} — {g:Facts_Shared/Universal_Location_LetheLibrary} · {g:Facts_Shared/Universal_Location_VyssaHills} · {g:Facts_Shared/Universal_Location_PlainsOfMist}
{g:Facts_KeystoneRage/KeystoneRage_Name} — {g:Facts_Shared/Universal_Location_Jeljin} · {g:Facts_Shared/Universal_Location_LethePropaganda} · {g:Facts_Shared/Universal_Location_AurigaMuseum}	{g:Facts_KeystoneRage/KeystoneRage_Name} — {g:Facts_Shared/Universal_Location_Jeljin} · {g:Facts_Shared/Universal_Location_LethePropaganda} · {g:Facts_Shared/Universal_Location_AurigaMuseum}
{g:Facts_KeystoneTerror/KeystoneTerror_Real_Name} — {g:Facts_Shared/Universal_Location_Talju} · {g:Facts_Shared/Universal_Location_Marastan} · {g:Facts_Shared/Universal_Location_ArcasSpire}	{g:Facts_KeystoneTerror/KeystoneTerror_Real_Name} — {g:Facts_Shared/Universal_Location_Talju} · {g:Facts_Shared/Universal_Location_Marastan} · {g:Facts_Shared/Universal_Location_ArcasSpire}
포인터를 읽을 수 없음	ポインターを読み取れません
게임이 실행 중이 아닙니다	ゲームが実行されていません
주인공의 인벤토리를 찾지 못함	主人公のインベントリが見つかりません
주인공 위치를 쓰지 못함	主人公の位置を書き込めませんでした
WorldSettings.Pauser 없음	WorldSettings.Pauser がありません
세이브 상태를 찾지 못함	セーブ状態が見つかりません
세이브 상태를 읽지 못함	セーブ状態を読み取れませんでした
아직 액터를 훑지 않음	まだアクターをスキャンしていません
게임이 종료됨 — 치트 꺼짐	ゲームが終了しました — チート オフ
그런 슬롯이 없음	そのスロットはありません
그 슬롯에 저장된 것이 없음	そのスロットには何も保存されていません
원래 값으로 되돌림	元の値に戻しました
쓰기 실패	書き込みに失敗しました
Steam 라이브러리에서 Hell Is Us 설치를 찾지 못함 — --game-dir 로 알려 주세요	Steam ライブラリに Hell Is Us のインストールが見つかりません — --game-dir で指定してください
예상과 다른 실행 파일 경로	想定外の実行ファイルのパス
폰에 AbilitySystemComponent 가 없음	ポーンに AbilitySystemComponent がありません
플레이어 컨트롤러 없음	プレイヤーコントローラーがありません
폰 없음 — 로딩 중이거나 컷신?	ポーンがありません — ロード中かカットシーンですか?
조작 중인 폰이 주인공이 아님	操作中のポーンが主人公ではありません
어빌리티 시스템 없음	アビリティシステムがありません
레벨 없음	レベルがありません
월드 없음	ワールドがありません
월드 이름을 읽을 수 없음	ワールド名を読み取れません
루트 컴포넌트 없음	ルートコンポーネントがありません
위치를 읽을 수 없음	位置を読み取れません
방향을 읽을 수 없음	向きを読み取れません
위치·방향 값이 숫자가 아님	位置・向きの値が数値ではありません
GEngine 이 비어 있음	GEngine が空です
게임 이미지에서 GameEngine 을 찾지 못함 (아직 시작 중?)	ゲームイメージに GameEngine が見つかりません (起動中ですか?)
아는 FField 레이아웃으로 GameEngine.GameInstance 를 읽지 못함 — 엔진 구조가 바뀜	既知の FField レイアウトでは GameEngine.GameInstance を読み取れません — エンジン構造が変わりました
속성 세트 배열을 읽을 수 없음	属性セット配列を読み取れません
속성 세트 개수를 읽을 수 없음	属性セット数を読み取れません
속성 이름을 하나도 읽지 못함 — 이름 풀이나 클래스 구조가 이 빌드와 맞지 않음	属性名を1つも読み取れませんでした — 名前プールまたはクラス構造がこのビルドと合いません
필드를 읽을 수 없음	フィールドを読み取れません
속성을 읽을 수 없음	属性を読み取れません
유한하지 않은 값은 쓰지 않음	有限でない値は書き込みません
읽을 수 있는 속성이 없음	読み取れる属性がありません
미니맵: {e}	ミニマップ: {e}
원래 값을 기록하지 못함 — 치트 꺼짐: {e}	元の値を記録できませんでした — チート オフ: {e}
{name}: 1..={max} 사이	{name}: 1..={max} の範囲
다른 지역에서 저장됨 ({world})	別の地域で保存されました ({world})
되돌리지 못함: {a0}	元に戻せませんでした: {a0}
되돌리지 못함: {a0} — 나중에 `hiumod restore` 를 실행하세요	元に戻せませんでした: {a0} — 後で `hiumod restore` を実行してください
`{id}` 은(는) 값을 정할 수 없음 — 가능한 것: {a0}	`{id}` は値を設定できません — 設定可能: {a0}
{id}: 0..={max} 사이	{id}: 0..={max} の範囲
모르는 치트 `{id}` — 가능한 것: {a0}	不明なチート `{id}` — 使用可能: {a0}
{id} 에는 값을 줄 수 없음	{id} には値を指定できません
{id}: {min}..={max} 사이	{id}: {min}..={max} の範囲
{id} 는 한 번 쓰는 값 — hold 가 아니라 `set {id} <값>` 을 쓰세요	{id} は一度だけ書き込む値です — hold ではなく `set {id} <値>` を使ってください
인벤토리에 {class} 없음 — 먼저 하나 주우세요	インベントリに {class} がありません — まず1つ拾ってください
{a0}번째 줄: {set}.{name} — 이 버전에 없는 속성	{a0} 行目: {set}.{name} はこのバージョンにない属性です
{a0} 에 Hell Is Us 설치가 없음 — --game-dir 로 알려 주세요	{a0} に Hell Is Us のインストールがありません — --game-dir で指定してください
게임 프로세스를 열 수 없음: {a0}	ゲームプロセスを開けません: {a0}
프로세스 목록을 얻지 못함: {a0}	プロセス一覧を取得できませんでした: {a0}
게임 모듈 목록을 얻지 못함: {a0}	ゲームのモジュール一覧を取得できません: {a0}
{name} 속성이 없음	プロパティ {name} がありません
폰이 주인공이 아니라 {a0} — 먼저 세이브를 불러오세요	ポーンが主人公ではなく {a0} です — 先にセーブを読み込んでください
속성 세트 배열이 이상함 (num={num}, data=0x{data})	属性セット配列が不正です (num={num}, data=0x{data})
속성들의 vtable 이 일치하지 않음 ({n}/{total}, 0x{vt})	属性の vtable が一致しません ({n}/{total}、0x{vt})
{ok} 설치 {dir} — Steam 빌드 {build}	{ok} インストール {dir} — Steam ビルド {build}
{ok} 설치: {e}	{ok} インストール: {e}
{ok} 프로세스 {pid} — 베이스 0x{base}, 이미지 0x{size} 바이트	{ok} プロセス {pid} — ベース 0x{base}、イメージ 0x{size} バイト
{ok} 이름 풀 +0x{at}	{ok} 名前プール +0x{at}
{ok} FField 레이아웃: next +0x{next}, name +0x{name}, size +0x{size}, offset +0x{offset}	{ok} FField レイアウト: next +0x{next}, name +0x{name}, size +0x{size}, offset +0x{offset}
{ok} 플레이어: {e}	{ok} プレイヤー: {e}
{ok} 주인공: {a0}	{ok} 主人公: {a0}
{ok} 체인: GEngine {path} → 컨트롤러 +0x{pawn} 폰 → +0x{asc} ASC → +0x{sets} SpawnedAttributes	{ok} チェーン: GEngine {path} → コントローラ +0x{pawn} ポーン → +0x{asc} ASC → +0x{sets} SpawnedAttributes
ok   주인공 게이트: 열림 — 쓰기 허용	ok   主人公ゲート: 開 — 書き込み可
ok   위치: ({x:.0}, {y:.0}, {z:.0}) 방향 {yaw:.1}	ok   位置: ({x:.0}, {y:.0}, {z:.0}) 向き {yaw:.1}
FAIL 위치: {e}	FAIL 位置: {e}
ok   미니맵 대상: {n}개, {ms} ms — {kinds}	ok   ミニマップ対象: {n}個、{ms} ms — {kinds}
FAIL 미니맵 대상: {e}	FAIL ミニマップ対象: {e}
ok   안내: 아는 사실 {facts}개, 태그 {tags}개; 진행 중: {open} — 장소 {places}곳, {ms} ms (퀘스트 {quest}, 비밀 {secret}, 단서 {clue})	ok   ガイド: 既知の事実 {facts}件、タグ {tags}件; 進行中: {open} — 場所 {places}か所、{ms} ms (クエスト {quest}、秘密 {secret}、手がかり {clue})
FAIL 안내: {e}	FAIL ガイド: {e}
{ok} 속성: {e}	{ok} 属性: {e}
{ok} 속성: 세트 {sets}개, 이름으로 찾은 속성 {count}개, vtable +0x{vt}	{ok} 属性: セット {sets}個、名前で見つけた属性 {count}個、vtable +0x{vt}
속성 {n}개	属性 {n}個
{ok} 치트 표: 이름이 나오는 속성 {n}개가 모두 게임에 있음	{ok} チート表: 記載されている {n}個の属性はすべてゲーム内にあります
{ok} 치트 표: 게임에 없음 — {a0}	{ok} チート表: ゲーム内にありません — {a0}
플레이어: 됨	プレイヤー: 動作する
플레이어: 안 됨	プレイヤー: 動作しない
{path} 에 씀	{path} に書き込みました
클래스·구조체 {s}개의 속성 {p}개	クラス・構造体 {s}個のプロパティ {p}個
{prefix}(으)로 시작하는 클래스·구조체 {n}개	{prefix} で始まるクラス・構造体 {n}個
매핑: 구조체·클래스 {structs}개, 열거형 {enums}개	マッピング: 構造体・クラス {structs}個、列挙型 {enums}個
실행: {tool} {args}	実行: {tool} {args}
조사 결과: {path}	調査結果: {path}
게임 텍스트: {path}	ゲームのテキスト: {path}
구조체·클래스 {structs}개, 열거형 {enums}개 — {kb} KB, {path} 에 씀	構造体・クラス {structs}個、列挙型 {enums}個 — {kb} KB、{path} に書き込みました
객체 {n}개를 {secs}초 동안 지켜봄 — Ctrl+C 로 멈춤	オブジェクト {n}個を {secs}秒間監視 — Ctrl+C で停止
{all}곳 중 {kept}곳이 이제 {v}	{all}か所中 {kept}か所が現在 {v}
{n}곳이 {v} — 게임에서 값을 바꾼 뒤 `doctor scan next <새 값>`	{n}か所が {v} — ゲーム内で値を変えてから `doctor scan next <新しい値>`
이전 hold 가 남긴 원래 값 {n}개 — 지금 값이 아니라 그것을 유지	以前の hold が残した元の値 {n}個 — 現在の値ではなくそれを維持
유지 중: {a0} — Ctrl+C 로 멈추고 되돌림	保持中: {a0} — Ctrl+C で停止して元に戻す
강제로 종료되면 `hiumod restore` 로 되돌릴 수 있음	強制終了された場合は `hiumod restore` で元に戻せます
적용 중	適用中
되돌릴 것이 없음	元に戻すものはありません
다이얼 퍼즐	ダイヤルパズル
물건 놓기 퍼즐	アイテム配置パズル
키패드·암호	キーパッド · 暗証
    문 앞 다이얼에서는 '근처 퍼즐' 카드가 몇 칸 돌릴지 알려 줍니다	    扉の前のダイヤルでは、「近くのパズル」カードが何目盛り回すかを教えてくれます
    타임루프 {name}: {left}/{all}	    タイムループ {name}: {left}/{all}
40 m 안에 다이얼·키패드·물건 놓기 퍼즐이 없습니다	40 m以内にダイヤル・キーパッド・アイテム配置パズルはありません
{place}: {left}/{all} 무리 · 적 {enemies}	{place}: {left}/{all} グループ · 敵 {enemies}
가장 가까운 곳	最寄り
게임이 가진 정답을 읽습니다 — 직접 풀고 싶으면 누르지 마세요	ゲームが持つ正解を読み取ります — 自力で解きたい場合は押さないでください
근처 퍼즐 ({n})	近くのパズル ({n})
금고 표가 없습니다 — 콘솔에서 `doctor survey` 를 한 번 실행하세요	金庫の表がありません — コンソールで `doctor survey` を一度実行してください
금단의 지식 금고 {done}/{all}	禁断の知識の間 {done}/{all}
남은 적 무리 {left}/{all}	残りの敵グループ {left}/{all}
남은 적 무리	残りの敵グループ
다이얼 {n}: {k}칸 돌리기 (지금 {now} → {want})	ダイヤル {n}: {k}目盛り回す（現在 {now} → {want}）
다이얼 {n}: 맞음	ダイヤル {n}: 正解
답 보기	答えを見る
숨기기	隠す
스포너 표가 없습니다 — 콘솔에서 `doctor survey` 를 한 번 실행하세요	スポナーの表がありません — コンソールで `doctor survey` を一度実行してください
연구 {n}/{need}	調査 {n}/{need}
열림 ✓	開放済み ✓
장갑차의 {g:Facts_Tania/Tania_Real_Name}에게 연구 아이템을 맡기면 금고 정보가 풀립니다 · 지금 연구 {n}개	装甲車の{g:Facts_Tania/Tania_Real_Name}に調査アイテムを渡すと、間の情報が解放されます · 現在の調査 {n}個
적 무리(스포너) 단위 · 세이브에 기록된 무리는 처치한 것으로 셉니다	敵グループ（スポナー）単位 · セーブに記録されたグループは撃破済みとして数えます
정보 있음	情報あり
코드 보기	コードを見る
코드: {code}	コード: {code}
필요한 것: {items}	必要なもの: {items}
다이얼 {n}개 · {places}칸	ダイヤル{n}個・{places}段階
{n}자리 코드	{n}桁のコード
물건 {n}개	アイテム{n}個
다이얼 위치 (왼쪽부터, 1부터): {list}	ダイヤル位置（左から、1から）: {list}
퍼즐 목록 · 이 지역 남은 {left}	パズル一覧・この地域の残り{left}
퍼즐 목록이 없습니다 — 콘솔에서 `doctor survey` 를 한 번 실행하세요	パズル一覧がありません — コンソールで `doctor survey` を一度実行してください
열쇠·물건 놓기 퍼즐도 보기	鍵の扉・アイテム設置パズルも表示
안 푼 퍼즐	未解決のパズル
금고 문	金庫の扉
근처에 퍼즐 — 답은 패널 안내 탭에	近くにパズル — 答えはパネルの案内タブに
연구 아이템은 '수집 진행도' 의 연구 자료 줄을 누르면 가까운 것부터 안내합니다	研究アイテム：「収集進捗」の研究資料の行を押すと近い順に案内します
업적 {done}/{all}	実績 {done}/{all}
Steam 업적 캐시를 찾지 못했습니다 (Steam/appcache/stats)	Steam の実績キャッシュが見つかりません (Steam/appcache/stats)
달성한 것도 보기	解除済みも表示
숨겨진 업적	隠し実績
보기	表示
⚠ 확인한 빌드는 {tested} — 이상하면 콘솔에서 `doctor` 를 실행하세요	⚠ 確認済みのビルドは {tested} — おかしければコンソールで `doctor` を実行してください
감탄	感嘆
놀람	驚嘆
황홀	至福
비탄	悲嘆
혐오	嫌悪
격노	憤激
공포	恐怖
경계	警戒
