# Korean (as written in the code) <TAB> Russian (ru). \n \t \\ are escapes; {name} placeholders stay as they are.
생존	Выживание
전투	Бой
이동	Передвижение
아이템	Предметы
체력 유지 (상한을 최대로)	Здоровье не убывает (предел на максимуме)
스태미나 무한	Бесконечная выносливость
고스트 (탐험용 — 켜는 동안 공격도 막힘)	Призрак (для разведки — пока включено, атаковать нельзя)
림빅 에너지 무한	Бесконечная лимбическая энергия
림빅 소모 없음	Без затрат лимбической энергии
스킬 쿨다운 없음	Без перезарядки навыков
걷기 속도 (기본 450)	Скорость ходьбы (по умолч. 450)
주인공 시간 배속 (기본 1)	Время героя (по умолч. 1)
게임 속도 (기본 1)	Скорость игры (по умолч. 1)
적 속도 (기본 1)	Скорость врагов (по умолч. 1)
약한 적 (한 방에 처치)	Слабые враги (гибнут с одного удара)
소모품 줄지 않음	Расходники не кончаются
무기 경험치 배수 (기본 1)	Множитель опыта оружия (по умолч. 1)
가진 샤드 수량 (999=최대면 줍기·알림 막힘)	Осколков в наличии (999 = максимум, подбор и уведомления блокируются)
퀘스트 목표	Цель задания
비밀	Секрет
단서	Подсказка
전달: {a0}	Передать: {a0}
대화: {a0}	Поговорить: {a0}
아이템: {a0}	Предмет: {a0}
새 사실 {a0}개	Новых фактов: {a0}
 · 조건 필요 (열쇠·퍼즐 등 — 가기만 해선 안 됨)	 · нужно условие (ключ, головоломка — просто прийти мало)
1막 끝까지	До конца 1-го акта
세 번째 키스톤 전	До третьего ключ-камня
마감 임박 선행: {a0} ({a1})	Срок истекает: благое дело {a0} ({a1})
마감 임박 선행 {n}개 — 퀘스트 탭에서 확인	Скоро истекают сроки благих дел: {n} — см. вкладку заданий
메인 {n}	Основное {n}
선행	Благое дело
미스터리	Тайна
타임루프	Временная петля
메인 퀘스트 {a0}	Основное задание {a0}
장소: {a0}	Место: {a0}
대화: {p}	Поговорить: {p}
 · 조사 DB (아직 로드 안 됨)	 · база обследования (ещё не загружена)
 · 조건 필요	 · нужно условие
유물	Реликвии
기록물	Записи
연구 자료	Исследования
모자	Кепки
드론 모듈	Модули дрона
림빅 스킬	Лимбические навыки
무기	Оружие
방어구	Защитное снаряжение
림빅 막대	Лимбические жезлы
제작서	Книги работ
잠긴 문	Запертая дверь
잠긴 상자	Запертый сундук
림빅 잠금	Лимбический замок
퍼즐	Головоломка
코드·암호	Код · шифр
열쇠 필요	Нужен ключ
나중에 주울 것	Подобрать позже
상인	Торговец
만날 사람	С кем встретиться
퀘스트 단서	Подсказка задания
위험	Опасность
강적	Сильный враг
저장 지점	Точка сохранения
지름길	Короткий путь
오를 곳	Куда залезть
막다른 길	Тупик
물·건널 곳	Вода · переправа
둘러볼 곳	Осмотреться
보물	Сокровище
메모	Заметка
거점	База
모르는 것	Неизвестно
표시	Отметка
핀: {a0}	Метка: {a0}
미니맵	Миникарта
큰 지도	Большая карта
끔	Выкл.
음영	Тени
등고선	Горизонтали
둘 다	Оба
위층 (흐리게)	Верхние этажи (бледно)
아래층·지하 (흐리게)	Нижние этажи, подземелье (бледно)
깊은 곳	Глубоко
낮은 곳	Низко
같은 높이	Тот же уровень
높은 곳	Высоко
절벽·바위	Скалы и камни
벽	Стены
적	Враги
전리품	Добыча
문·퍼즐	Двери и головоломки
저장	Сохранение
기타	Прочее
약품	Лекарства
음식	Еда
기타 소모품	Прочие расходники
퀘스트·비밀	Задания и секреты
보급품	Припасы
적 전리품 상자	Ящик с добычей врага
문	Дверь
드론 번역	Перевод дрона
명령을 입력하세요 — `help` 로 목록, ↑/↓ 이전 명령, Esc 로 실행 중지	Введите команду — `help` покажет список, ↑/↓ — история, Esc — остановить
hiumod 만으로는 패널이 하나 더 열립니다 — 명령을 붙여 주세요 (help)	Один hiumod открывает ещё одну панель — добавьте команду (help)
앞의 명령이 아직 실행 중입니다 (Esc 로 중지)	Предыдущая команда ещё выполняется (Esc — остановить)
실행 파일을 찾지 못함: {e}	Исполняемый файл не найден: {e}
실행하지 못함: {e}	Не удалось запустить: {e}
(끝남: 코드 {c})	(завершено: код {c})
(끝남)	(завершено)
(중지함)	(остановлено)
명령 (help)	Команда (help)
지도 핀	Метка на карте
패널에서 고른 곳	Выбрано в панели
필요한 것: 이 지역 {h}곳	Нужно: здесь {h}
필요한 것: 다른 지역 {a}곳 — 장갑차로 이동	Нужно: в других регионах {a} — поездка на БТР
필요한 것: 이 지역 {h}곳 · 다른 지역 {a}곳	Нужно: здесь {h} · в других регионах {a}
위치 {a0} 저장 ({a1:.0}, {a2:.0}, {a3:.0})	Позиция {a0} сохранена ({a1:.0}, {a2:.0}, {a3:.0})
위치 {a0} 로 이동	Переход на позицию {a0}
수집 진행도	Прогресс сбора
조사 DB 가 없습니다 — 콘솔에서 `doctor survey` 를 한 번 실행하세요	Базы обследования нет — один раз выполните `doctor survey` в консоли
월드에 놓인 것만 셉니다 (NPC 보상·상점은 제외) · 이 지역 / 전체	Считаются только предметы в мире (без наград NPC и магазинов) · здесь / всего
{a0}  {a1}/{a2} · 전체 {a3}/{a4}	{a0}  {a1}/{a2} · всего {a3}/{a4}
선행 · 미스터리 · 타임루프	Благие дела · Тайны · Временные петли
완료 {a0} / {a1} · 진행 중 {a2} · 실패 {a3}	Выполнено {a0} / {a1} · в процессе {a2} · провалено {a3}
들을 이야기가 남은 NPC ({a0})	NPC, которым есть что рассказать ({a0})
대화에서 아직 모르는 사실·단서를 줄 수 있는 사람 (갈래가 잠긴 대화도 포함)	Те, чей разговор ещё может дать неизвестный факт или подсказку (включая закрытые ветки)
다른 지역: {a0}	Другие регионы: {a0}
메모리: 사용 {a0} · 전용 {a1} · 최고 {a2} (1분마다 로그에도 남음)	Память: занято {a0} · личная {a1} · пик {a2} (раз в минуту пишется и в лог)
켜진 치트	Включённые читы
원래 값 → 넣는 값, 그리고 지금 게임에 들어 있는 값	Исходное → записанное и текущее значение в игре
켜진 치트가 없습니다	Читы не включены
적·인벤토리 대상	Враги и инвентарь
매 틱 적용	Применяется каждый тик
적용 중 {n:.2}	Применяется {n:.2}
게임이 바꿈 {n:.2}	Игра изменила {n:.2}
넣은 값과 다릅니다. 게임이 매 순간 다시 계산하는 값일 수 있습니다.	Отличается от записанного. Возможно, игра пересчитывает это значение постоянно.
읽을 수 없음	Не читается
테스트 결과 기록	Запись результатов тестов
게임에서 해 보고 눌러 주세요. verify.txt에 저장됩니다.	Проверьте в игре и нажмите. Сохраняется в verify.txt.
됨 ✓	Работает ✓
안 됨 ✗	Не работает ✗
확인됨	Проверено
미검증	Не проверено
로그·기록 폴더 열기	Открыть папку логов
게임의 현재 값: {now:.2}	Текущее значение в игре: {now:.2}
적용	Применить
아직 게임에서 확인하지 않은 치트입니다. 동작하는지 알려주세요.	Чит ещё не проверен в игре. Сообщите, работает ли он.
위치 저장 · 이동	Сохранение и переход к позициям
슬롯 {a0}	Слот {a0}
다른 지역 ({w})	Другой регион ({w})
비어 있음	Пусто
저장한 지역 안에서만 이동합니다	Переход только в пределах региона сохранения
켜진 치트 ({a0})	Включённые читы ({a0})
{v:.2} (게임 {n:.2})	{v:.2} (в игре {n:.2})
켜짐	Вкл.
나침반 · 방향	Компас и направление
나침반 (F{a0})	Компас (F{a0})
화면 위 가운데	Вверху по центру экрана
안내	Навигация
자동 안내 — 따라가는 퀘스트의 다음 목표로 계속 안내	Автонавигация — постоянно ведёт к следующей цели отслеживаемого задания
실제 이동 경로 (A*) — 지형·물·벽을 돌아가는 길, 나침반이 다음 꺾이는 곳을 가리킴	Реальный маршрут (A*) — в обход рельефа, воды и стен; компас указывает на следующий поворот
다음 목표 ▶	Следующая цель ▶
이 목표는 끝났거나 지금 갈 수 없음 — 넘기고 다음 목표로 (이번 실행 동안)	Эта цель выполнена или сейчас недоступна — пропустить и перейти к следующей (до конца сеанса)
직접 고른 목표 — 끝날 때까지 유지	Выбрана вручную — остаётся, пока не будет выполнена
자동으로	Вернуть авто
⚠ 걸어서 닿는 길이 없습니다 — 닫힌 문·퍼즐·열쇠 너머일 수 있음. 닿는 곳까지 안내하고 나머지는 노란 점선	⚠ Пешего пути нет — возможно, за закрытой дверью, головоломкой или ключом. Ведёт до доступного места, дальше — жёлтый пунктир
자동 안내가 꺼져 있습니다 — 위 스위치를 켜거나 '갈 곳' 에서 고르세요	Автонавигация выключена — включите переключатель выше или выберите в «Куда идти»
이 근처에서 새로 얻을 것이 있는 곳을 찾지 못했습니다	Рядом не нашлось ничего нового
이 지역엔 따라가는 퀘스트의 목표가 없습니다 — 다른 지역에 {elsewhere}곳 (장갑차로 이동)	В этом регионе нет целей отслеживаемого задания — в других регионах: {elsewhere} (поездка на БТР)
남은 목표를 모두 건너뛰었습니다	Все оставшиеся цели пропущены
따라가는 퀘스트의 목표가 이 근처에 없습니다 — '갈 곳' 에서 직접 고를 수 있습니다	Рядом нет целей отслеживаемого задания — выберите вручную в «Куда идти»
건너뛴 목표 {a0}개	Пропущено целей: {a0}
되돌리기	Отменить
갈 곳 ({a0})	Куда идти ({a0})
표시 방식	Отображение
위쪽	Верх —
북쪽(N)	Север (N)
카메라 방향	Камера
반경	Радиус
스타일	Стиль
윤곽선	Контур
채움	Заливка
아이콘 크기	Размер значков
인벤토리·메뉴가 열리면 모든 오버레이 숨기기	Скрывать все оверлеи при открытом инвентаре или меню
지형	Рельеф
지형 표시	Вид рельефа
벽·바닥 윤곽	Контуры стен и пола
불투명도	Непрозрачность
표시할 것	Показывать
세부 ▲	Подробнее ▲
세부 ▼	Подробнее ▼
세부 ▼ ({h}개 숨김)	Подробнее ▼ (скрыто: {h})
지도 핀 · 지나온 길	Метки на карте и пройденный путь
새 핀 (F{a0})	Новая метка (F{a0})
이 지역에 핀이 없습니다 — 잠긴 문·퍼즐 앞에서 F{a0} 를 누르면 꽂힙니다	В этом регионе нет меток — нажмите F{a0} у запертой двери или головоломки
이 핀 지우기	Удалить эту метку
이 지역	Этот регион
지나온 길 {trail}점 · 핀 {count}개	Пройденный путь: {trail} точек · меток: {count}
경로 지우기	Стереть путь
핀 모두 지우기	Удалить все метки
주인공을 조작할 수 있을 때 표시됩니다	Показывается, пока героем можно управлять
단축키	Клавиши
지도 표시 방식 전환	Переключить вид карты
마커 찍기/지우기	Поставить/убрать маркер
나침반 표시/숨김	Показать/скрыть компас
다음 목표로 안내	Вести к следующей цели
지도	Карта
퀘스트	Задания
수집	Сбор
세이브	Сохранения
디버그	Отладка
지난번에 켜 둔 치트 {a0}개를 다시 켰습니다	Снова включено читов с прошлого раза: {a0}
닫기 — 원래 값으로 되돌리고 종료	Закрыть — вернуть исходные значения и выйти
숨기기 (` 키로 다시 열기)	Скрыть (откроется снова клавишей `)
콘솔 ▾	Консоль ▾
콘솔 ▸	Консоль ▸
CLI 명령 콘솔	Консоль CLI
게임	Игра
● 연결됨\nv{version} · PID {pid}	● Подключено\nv{version} · PID {pid}
실행하는 중 — 켜지면 자동으로 연결	Запуск — подключится, когда игра будет готова
○ 연결 안 됨 — {e}	○ Нет подключения — {e}
시작하는 중…	Запуск…
주인공 게이트	Шлюз героя
● 열림 — 조작 중	● Открыт — управление есть
○ 닫힘 — {e}	○ Закрыт — {e}
○ 닫힘	○ Закрыт
치트	Читы
도구	Инструменты
모두 원래대로 ({pending})	Всё вернуть ({pending})
다음에도 켜 둔 치트 유지	Сохранять включённые читы на следующий раз
다음 실행 때, 주인공을 조작할 수 있게 되면 지금 켜 둔 치트를 다시 켭니다.	При следующем запуске, когда героем можно будет управлять, включённые сейчас читы включатся снова.
주인공을 조작하는 동안만 값을 씁니다 · 업적은 차단되지 않습니다	Значения записываются, только пока героем можно управлять · достижения не блокируются
퀘스트 추적기 — 화면 오른쪽 가운데	Трекер заданий — справа по центру экрана
퀘스트를 읽는 중입니다 — 게임을 불러오고 몇 초 뒤에 나옵니다	Задания читаются — появятся через несколько секунд после загрузки игры
메인 스토리 자동 — {a0}	Основной сюжет, авто — {a0}
메인 스토리 자동	Основной сюжет, авто
 · 단서 {got}/{all}	 · подсказки {got}/{all}
완료 {done}개 · 실패 {failed}개	Выполнено: {done} · провалено: {failed}
필요한 것: 조사 DB 없음 — `hiumod doctor survey` 를 한 번 실행하면 모든 지역의 아이템·NPC 위치가 채워집니다	Нужно: базы обследования нет — один раз выполните `hiumod doctor survey`, и заполнятся предметы и NPC всех регионов
필요한 것 — 남은 {left} / {a0}	Нужно — осталось {left} / {a0}
다른 지역 (장갑차로 이동): {a0}	Другие регионы (поездка на БТР): {a0}
놓치기 쉬운 선행	Легко упустить: благие дела
마감이 있는 선행은 모두 끝났거나 지났습니다	Все благие дела со сроком выполнены или просрочены
임박	Скоро
나중	Позже
 (시작 전)	 (не начато)
이미 지난 마감 {passed}개 — 그 선행은 실패했을 가능성이 큽니다	Просрочено сроков: {passed} — эти благие дела, скорее всего, провалены
키스톤 순서	Порядок ключ-камней
다음 키스톤 전에: {a0}	Перед следующим ключ-камнем: {a0}
건네줄 수 있는 것	Что можно передать
지금 가진 아이템을 원하는 사람이 없습니다	Сейчас никому не нужны ваши предметы
건네줄 수 있는 것 ({a0})	Что можно передать ({a0})
가진 아이템을 원하는 사람 — 대화의 "거래" 로 건넵니다	Те, кому нужен ваш предмет — передайте его через «Обмен» в разговоре
{a0} — 장갑차로 이동	{a0} — поездка на БТР
세이브 백업	Резервные копии сохранений
게임이 저장할 때마다 세이브 파일을 복사해 둡니다 (최근 {a0}개)	Копирует файлы сохранения при каждом сохранении игры (последние {a0})
아직 백업이 없습니다	Резервных копий пока нет
지금 백업	Копировать сейчас
백업함: {a0}	Копия: {a0}
백업 실패: {e}	Ошибка копирования: {e}
폴더 열기	Открыть папку
되돌리려면 게임을 끈 뒤 백업 폴더의 .sav 파일을 세이브 폴더(%LOCALAPPDATA%\\HellIsUs\\Saved\\SaveGames)에 덮어쓰세요	Чтобы откатиться, закройте игру и скопируйте .sav из папки копий поверх папки сохранений (%LOCALAPPDATA%\\HellIsUs\\Saved\\SaveGames)
세이브 파일	Файлы сохранений
게임의 세이브 폴더를 찾지 못했습니다	Папка сохранений игры не найдена
방금	только что
{a0}분 전	{a0} мин назад
{a0}시간 전	{a0} ч назад
{a0}일 전	{a0} дн. назад
 · 안내 중	 · ведёт
이 지역엔 이 퀘스트의 목표가 없음 — 가까운 다른 퀘스트 목표로 안내	В этом регионе нет целей этого задания — ведёт к ближайшей цели другого задания
이 지역엔 이 항목의 목표가 없음 — 다른 지역에서 진행	В этом регионе нет целей этой записи — продолжается в другом месте
닫힌 문·퍼즐 너머 — 닿는 곳까지 안내, 근처의 쪽지·열쇠·장치를 먼저	За закрытой дверью или головоломкой — ведёт до доступного места; сначала поищите рядом записку, ключ или устройство
살펴볼 곳	Место для осмотра
1막 끝 전	До конца акта 1
1막 끝 전, {g:QuickChats_Names_ST/Quickchat_Secret_Diana_Female_Name} — 트럭으로 떠나기 전에 약을 — 아니면 죽음	До конца акта 1: {g:QuickChats_Names_ST/Quickchat_Secret_Diana_Female_Name} — лекарство, пока она не уехала на грузовике, иначе она умрёт
1막 끝({g:Facts_Shared/Universal_Location_LymbicForge}) 전에 {g:QuickChats_Names_ST/QuickChat_Secret_JudithKarry_Female_Name}의 아기에게 젖병을 — 아니면 아기가 죽음	До конца акта 1 ({g:Facts_Shared/Universal_Location_LymbicForge}): бутылочка для ребёнка {g:QuickChats_Names_ST/QuickChat_Secret_JudithKarry_Female_Name}, иначе ребёнок умрёт
{g:Facts_KeystoneTerror/KeystoneTerror_Real_Name} 진행 중 {g:Facts_VillageOfJova/Name_Real} 상황이 바뀌기 전 — 아니면 {g:QuickChats_Names_ST/Quickchat_Secret_Halie_Female_Name} 사망	Во время {g:Facts_KeystoneTerror/KeystoneTerror_Real_Name}, пока {g:Facts_VillageOfJova/Name_Real} не изменилась — иначе {g:QuickChats_Names_ST/Quickchat_Secret_Halie_Female_Name} умрёт
{g:Facts_KeystoneTerror/KeystoneTerror_Real_Name} 전 — 아니면 {g:QuickChats_Names_ST/Quickchat_Secret_Violonist01_Male_Name} 사망	До {g:Facts_KeystoneTerror/KeystoneTerror_Real_Name} — иначе {g:QuickChats_Names_ST/Quickchat_Secret_Violonist01_Male_Name} умрёт
{g:Facts_KeystoneTerror/KeystoneTerror_Real_Name} 진행 중 — {g:Facts_VillageOfJova/Name_Real} 변화 전	Во время {g:Facts_KeystoneTerror/KeystoneTerror_Real_Name}, пока {g:Facts_VillageOfJova/Name_Real} не изменилась
{g:Facts_Shared/Universal_Location_LethePropaganda} — 처음 떠나기 전	{g:Facts_Shared/Universal_Location_LethePropaganda} — до первого ухода оттуда
{g:Facts_Shared/Universal_Location_Talju} 대피 트럭 출발 전	До отъезда эвакуационного грузовика ({g:Facts_Shared/Universal_Location_Talju})
{g:Facts_Shared/Universal_Location_Talju} 대피 트럭이 떠나기 전	До отъезда эвакуационного грузовика ({g:Facts_Shared/Universal_Location_Talju})
권장 순서 ({g:Facts_KeystoneTerror/KeystoneTerror_Real_Name} 먼저: 일부 아이템이 {g:Facts_Shared/Universal_Location_Talju}에만 있음) — 키스톤마다 시간이 흘러 선행이 끝날 수 있습니다	Рекомендуемый порядок ({g:Facts_KeystoneTerror/KeystoneTerror_Real_Name} сначала: некоторые предметы есть только в {g:Facts_Shared/Universal_Location_Talju}) — с каждым ключ-камнем проходит время, и благие дела могут закрыться
세 번째 키스톤을 놓기 전	До установки третьего ключ-камня
{g:Facts_KeystoneEcstasy/KeystoneEcstasy_Name} — {g:Facts_Shared/Universal_Location_LetheLibrary} · {g:Facts_Shared/Universal_Location_VyssaHills} · {g:Facts_Shared/Universal_Location_PlainsOfMist}	{g:Facts_KeystoneEcstasy/KeystoneEcstasy_Name} — {g:Facts_Shared/Universal_Location_LetheLibrary} · {g:Facts_Shared/Universal_Location_VyssaHills} · {g:Facts_Shared/Universal_Location_PlainsOfMist}
{g:Facts_KeystoneRage/KeystoneRage_Name} — {g:Facts_Shared/Universal_Location_Jeljin} · {g:Facts_Shared/Universal_Location_LethePropaganda} · {g:Facts_Shared/Universal_Location_AurigaMuseum}	{g:Facts_KeystoneRage/KeystoneRage_Name} — {g:Facts_Shared/Universal_Location_Jeljin} · {g:Facts_Shared/Universal_Location_LethePropaganda} · {g:Facts_Shared/Universal_Location_AurigaMuseum}
{g:Facts_KeystoneTerror/KeystoneTerror_Real_Name} — {g:Facts_Shared/Universal_Location_Talju} · {g:Facts_Shared/Universal_Location_Marastan} · {g:Facts_Shared/Universal_Location_ArcasSpire}	{g:Facts_KeystoneTerror/KeystoneTerror_Real_Name} — {g:Facts_Shared/Universal_Location_Talju} · {g:Facts_Shared/Universal_Location_Marastan} · {g:Facts_Shared/Universal_Location_ArcasSpire}
포인터를 읽을 수 없음	Указатель не читается
게임이 실행 중이 아닙니다	Игра не запущена
주인공의 인벤토리를 찾지 못함	Инвентарь героя не найден
주인공 위치를 쓰지 못함	Не удалось записать позицию героя
WorldSettings.Pauser 없음	Нет WorldSettings.Pauser
세이브 상태를 찾지 못함	Состояние сохранения не найдено
세이브 상태를 읽지 못함	Не удалось прочитать состояние сохранения
아직 액터를 훑지 않음	Акторы ещё не просканированы
게임이 종료됨 — 치트 꺼짐	Игра завершена — читы выключены
그런 슬롯이 없음	Такого слота нет
그 슬롯에 저장된 것이 없음	В этом слоте ничего не сохранено
원래 값으로 되돌림	Исходные значения восстановлены
쓰기 실패	Ошибка записи
Steam 라이브러리에서 Hell Is Us 설치를 찾지 못함 — --game-dir 로 알려 주세요	Установка Hell Is Us не найдена в библиотеках Steam — укажите --game-dir
예상과 다른 실행 파일 경로	Неожиданный путь к исполняемому файлу
폰에 AbilitySystemComponent 가 없음	У пешки нет AbilitySystemComponent
플레이어 컨트롤러 없음	Нет контроллера игрока
폰 없음 — 로딩 중이거나 컷신?	Нет пешки — загрузка или кат-сцена?
조작 중인 폰이 주인공이 아님	Управляемая пешка — не герой
어빌리티 시스템 없음	Нет системы способностей
레벨 없음	Нет уровня
월드 없음	Нет мира
월드 이름을 읽을 수 없음	Имя мира не читается
루트 컴포넌트 없음	Нет корневого компонента
위치를 읽을 수 없음	Позиция не читается
방향을 읽을 수 없음	Поворот не читается
위치·방향 값이 숫자가 아님	Поза не является числом
GEngine 이 비어 있음	GEngine пуст
게임 이미지에서 GameEngine 을 찾지 못함 (아직 시작 중?)	GameEngine не найден в образе игры (ещё запускается?)
아는 FField 레이아웃으로 GameEngine.GameInstance 를 읽지 못함 — 엔진 구조가 바뀜	Ни одна известная раскладка FField не читает GameEngine.GameInstance — структура движка изменилась
속성 세트 배열을 읽을 수 없음	Массив наборов атрибутов не читается
속성 세트 개수를 읽을 수 없음	Число наборов атрибутов не читается
속성 이름을 하나도 읽지 못함 — 이름 풀이나 클래스 구조가 이 빌드와 맞지 않음	Не удалось назвать ни один атрибут — пул имён или структура классов не подходит к этой сборке
필드를 읽을 수 없음	Поле не читается
속성을 읽을 수 없음	Атрибут не читается
유한하지 않은 값은 쓰지 않음	Нечисловое значение не записывается
읽을 수 있는 속성이 없음	Нет читаемых атрибутов
미니맵: {e}	Миникарта: {e}
원래 값을 기록하지 못함 — 치트 꺼짐: {e}	Не удалось запомнить исходные значения — читы выключены: {e}
{name}: 1..={max} 사이	{name}: допустимо 1..={max}
다른 지역에서 저장됨 ({world})	Сохранено в другом регионе ({world})
되돌리지 못함: {a0}	Не удалось восстановить: {a0}
되돌리지 못함: {a0} — 나중에 `hiumod restore` 를 실행하세요	Не удалось восстановить: {a0} — позже выполните `hiumod restore`
`{id}` 은(는) 값을 정할 수 없음 — 가능한 것: {a0}	`{id}` нельзя задать — доступно: {a0}
{id}: 0..={max} 사이	{id}: допустимо 0..={max}
모르는 치트 `{id}` — 가능한 것: {a0}	Неизвестный чит `{id}` — доступно: {a0}
{id} 에는 값을 줄 수 없음	{id} не принимает значение
{id}: {min}..={max} 사이	{id}: допустимо {min}..={max}
{id} 는 한 번 쓰는 값 — hold 가 아니라 `set {id} <값>` 을 쓰세요	{id} записывается один раз — используйте `set {id} <значение>`, а не hold
인벤토리에 {class} 없음 — 먼저 하나 주우세요	В инвентаре нет {class} — сначала подберите один
{a0}번째 줄: {set}.{name} — 이 버전에 없는 속성	Строка {a0}: {set}.{name} — неизвестный этой версии атрибут
{a0} 에 Hell Is Us 설치가 없음 — --game-dir 로 알려 주세요	В {a0} нет установки Hell Is Us — укажите --game-dir
게임 프로세스를 열 수 없음: {a0}	Не удаётся открыть процесс игры: {a0}
프로세스 목록을 얻지 못함: {a0}	Не удалось получить список процессов: {a0}
게임 모듈 목록을 얻지 못함: {a0}	Не удаётся получить список модулей игры: {a0}
{name} 속성이 없음	Нет свойства {name}
폰이 주인공이 아니라 {a0} — 먼저 세이브를 불러오세요	Пешка — {a0}, а не герой — сначала загрузите сохранение
속성 세트 배열이 이상함 (num={num}, data=0x{data})	Массив наборов атрибутов выглядит неверно (num={num}, data=0x{data})
속성들의 vtable 이 일치하지 않음 ({n}/{total}, 0x{vt})	Атрибуты не совпадают по vtable ({n}/{total} на 0x{vt})
{ok} 설치 {dir} — Steam 빌드 {build}	{ok} установка {dir} — сборка Steam {build}
{ok} 설치: {e}	{ok} установка: {e}
{ok} 프로세스 {pid} — 베이스 0x{base}, 이미지 0x{size} 바이트	{ok} процесс {pid} — база 0x{base}, образ 0x{size} байт
{ok} 이름 풀 +0x{at}	{ok} пул имён +0x{at}
{ok} FField 레이아웃: next +0x{next}, name +0x{name}, size +0x{size}, offset +0x{offset}	{ok} раскладка FField: next +0x{next}, name +0x{name}, size +0x{size}, offset +0x{offset}
{ok} 플레이어: {e}	{ok} игрок: {e}
{ok} 주인공: {a0}	{ok} герой: {a0}
{ok} 체인: GEngine {path} → 컨트롤러 +0x{pawn} 폰 → +0x{asc} ASC → +0x{sets} SpawnedAttributes	{ok} цепочка: GEngine {path} → контроллер +0x{pawn} пешка → +0x{asc} ASC → +0x{sets} SpawnedAttributes
ok   주인공 게이트: 열림 — 쓰기 허용	ok   шлюз героя: открыт — запись разрешена
ok   위치: ({x:.0}, {y:.0}, {z:.0}) 방향 {yaw:.1}	ok   поза: ({x:.0}, {y:.0}, {z:.0}) рыскание {yaw:.1}
FAIL 위치: {e}	FAIL поза: {e}
ok   미니맵 대상: {n}개, {ms} ms — {kinds}	ok   объекты миникарты: {n} за {ms} мс — {kinds}
FAIL 미니맵 대상: {e}	FAIL объекты миникарты: {e}
ok   안내: 아는 사실 {facts}개, 태그 {tags}개; 진행 중: {open} — 장소 {places}곳, {ms} ms (퀘스트 {quest}, 비밀 {secret}, 단서 {clue})	ok   путеводитель: известно фактов {facts}, тегов {tags}; в процессе: {open} — мест {places} за {ms} мс (квест {quest}, секрет {secret}, улика {clue})
FAIL 안내: {e}	FAIL путеводитель: {e}
{ok} 속성: {e}	{ok} атрибуты: {e}
{ok} 속성: 세트 {sets}개, 이름으로 찾은 속성 {count}개, vtable +0x{vt}	{ok} атрибуты: наборов {sets}, атрибутов по имени {count}, vtable +0x{vt}
속성 {n}개	атрибутов: {n}
{ok} 치트 표: 이름이 나오는 속성 {n}개가 모두 게임에 있음	{ok} таблица читов: все {n} названных атрибутов есть в игре
{ok} 치트 표: 게임에 없음 — {a0}	{ok} таблица читов: нет в игре — {a0}
플레이어: 됨	игрок: работает
플레이어: 안 됨	игрок: НЕ РАБОТАЕТ
{path} 에 씀	Записано в {path}
클래스·구조체 {s}개의 속성 {p}개	Свойств: {p} в классах и структурах: {s}
{prefix}(으)로 시작하는 클래스·구조체 {n}개	Классов и структур, начинающихся с {prefix}: {n}
매핑: 구조체·클래스 {structs}개, 열거형 {enums}개	Маппинги: структур и классов {structs}, перечислений {enums}
실행: {tool} {args}	Запуск: {tool} {args}
조사 결과: {path}	Результат обзора: {path}
게임 텍스트: {path}	Текст игры: {path}
구조체·클래스 {structs}개, 열거형 {enums}개 — {kb} KB, {path} 에 씀	Структур и классов {structs}, перечислений {enums} — {kb} КБ, записано в {path}
객체 {n}개를 {secs}초 동안 지켜봄 — Ctrl+C 로 멈춤	Наблюдение за объектами ({n}) в течение {secs} с — Ctrl+C останавливает
{all}곳 중 {kept}곳이 이제 {v}	Мест из {all}, где теперь {v}: {kept}
{n}곳이 {v} — 게임에서 값을 바꾼 뒤 `doctor scan next <새 값>`	Мест со значением {v}: {n} — измените его в игре, затем `doctor scan next <новое значение>`
이전 hold 가 남긴 원래 값 {n}개 — 지금 값이 아니라 그것을 유지	Исходных значений от прежнего hold: {n} — сохраняются они, а не текущие
유지 중: {a0} — Ctrl+C 로 멈추고 되돌림	Удержание: {a0} — Ctrl+C останавливает и всё возвращает
강제로 종료되면 `hiumod restore` 로 되돌릴 수 있음	Если процесс будет убит, `hiumod restore` всё вернёт
적용 중	Применение
되돌릴 것이 없음	Нечего восстанавливать
다이얼 퍼즐	Головоломка с дисками
물건 놓기 퍼즐	Размещение предметов
키패드·암호	Кодовая панель · шифр
    문 앞 다이얼에서는 '근처 퍼즐' 카드가 몇 칸 돌릴지 알려 줍니다	    У дисков перед дверью карточка «Головоломки рядом» подскажет, на сколько повернуть каждый
    타임루프 {name}: {left}/{all}	    Временная петля {name}: {left}/{all}
40 m 안에 다이얼·키패드·물건 놓기 퍼즐이 없습니다	В радиусе 40 m нет головоломок с дисками, кодовой панелью или размещением предметов
{place}: {left}/{all} 무리 · 적 {enemies}	{place}: {left}/{all} групп · врагов: {enemies}
가장 가까운 곳	Ближайшее
게임이 가진 정답을 읽습니다 — 직접 풀고 싶으면 누르지 마세요	Читает ответ, который знает игра — не нажимайте, если хотите решить сами
근처 퍼즐 ({n})	Головоломки рядом ({n})
금고 표가 없습니다 — 콘솔에서 `doctor survey` 를 한 번 실행하세요	Нет таблицы залов — один раз выполните `doctor survey` в консоли
금단의 지식 금고 {done}/{all}	Залы запретного знания {done}/{all}
남은 적 무리 {left}/{all}	Осталось групп врагов {left}/{all}
남은 적 무리	Осталась группа врагов
다이얼 {n}: {k}칸 돌리기 (지금 {now} → {want})	Диск {n}: повернуть на {k} (сейчас {now} → {want})
다이얼 {n}: 맞음	Диск {n}: верно
답 보기	Показать ответ
숨기기	Скрыть
스포너 표가 없습니다 — 콘솔에서 `doctor survey` 를 한 번 실행하세요	Нет таблицы спаунеров — один раз выполните `doctor survey` в консоли
연구 {n}/{need}	Исследование {n}/{need}
열림 ✓	Открыто ✓
장갑차의 {g:Facts_Tania/Tania_Real_Name}에게 연구 아이템을 맡기면 금고 정보가 풀립니다 · 지금 연구 {n}개	Отдайте предметы исследования: {g:Facts_Tania/Tania_Real_Name} в БТР, чтобы открыть сведения о залах · сейчас исследований: {n}
적 무리(스포너) 단위 · 세이브에 기록된 무리는 처치한 것으로 셉니다	Счёт по группам врагов (спаунерам) · группа, записанная в сохранении, считается побеждённой
정보 있음	Известно
코드 보기	Показать код
코드: {code}	Код: {code}
필요한 것: {items}	Нужно: {items}
다이얼 {n}개 · {places}칸	Дисков: {n} · позиций: {places}
{n}자리 코드	Код из {n} цифр
물건 {n}개	Предметов: {n}
다이얼 위치 (왼쪽부터, 1부터): {list}	Позиции (слева, с 1): {list}
퍼즐 목록 · 이 지역 남은 {left}	Список головоломок · здесь осталось {left}
퍼즐 목록이 없습니다 — 콘솔에서 `doctor survey` 를 한 번 실행하세요	Нет списка головоломок — один раз выполните `doctor survey` в консоли
열쇠·물건 놓기 퍼즐도 보기	Показывать и двери на ключ, и размещение предметов
안 푼 퍼즐	Нерешённая головоломка
금고 문	Дверь хранилища
근처에 퍼즐 — 답은 패널 안내 탭에	Рядом головоломка — ответ на вкладке «Навигация» панели
연구 아이템은 '수집 진행도' 의 연구 자료 줄을 누르면 가까운 것부터 안내합니다	Предметы исследований: нажмите строку «Исследования» в «Коллекции», чтобы идти к ближайшему
업적 {done}/{all}	Достижения {done}/{all}
Steam 업적 캐시를 찾지 못했습니다 (Steam/appcache/stats)	Кэш достижений Steam не найден (Steam/appcache/stats)
달성한 것도 보기	Показывать и полученные
숨겨진 업적	Скрытое достижение
보기	Показать
⚠ 확인한 빌드는 {tested} — 이상하면 콘솔에서 `doctor` 를 실행하세요	⚠ Проверено на сборке {tested} — если что-то не так, выполните `doctor` в консоли
감탄	Восхищение
놀람	Изумление
황홀	Экстаз
비탄	Горе
혐오	Отвращение
격노	Гнев
공포	Страх
경계	Бдительность
